Country Name,Year,Broad money ,Expense ,Exports of goods,GDP constant,GDP current,GDP growth ,Gross savings,"Inflation, GDP deflator","Inflation, consumer prices ",Population growth,"Population, female ","Population, male","Population, total","Unemployment, female ","Unemployment, male","Unemployment, total ","Unemployment, youth total "
Brazil,1976,15.30022331,,7.013163072,6.11E+11,1.53E+11,10.25712953,19.16298454,41.20362402,,2.381556163,50.10763805,49.89236195,110213349,1.9,1.93,1.92,
Brazil,1977,14.52078666,,7.245261155,6.41E+11,1.76E+11,4.93432807,19.763868,45.39805621,,2.386557498,50.1133986,49.8866014,112875292,2.76,2.12,2.32,
Brazil,1978,14.56909626,,6.692986079,6.73E+11,2.00E+11,4.969897689,19.5403653,38.22761123,,2.386050633,50.11814696,49.88185304,115600942,2.8,2.15,2.36,
Brazil,1979,15.29884068,,7.240780049,7.18E+11,2.21E+11,6.759560122,18.32136235,54.36596003,,2.376261954,50.12243622,49.87756378,118380821,2.76,2.75,2.76,
Brazil,1980,11.76865071,,8.962394873,7.85E+11,2.37E+11,9.2,17.68957929,92.14194461,,2.359690661,50.12619231,49.87380769,121207461,,,,
Brazil,1981,11.52991524,,9.622840371,7.51E+11,2.58E+11,-4.25,19.03980402,100.5288771,101.725073,2.328674854,50.12910607,49.87089393,124063109,4.16,3.9,3.99,
Brazil,1982,10.46821043,,7.900484525,7.57E+11,2.71E+11,0.83,15.87780747,101.0343947,100.5433592,2.27914449,50.13138737,49.86861263,126923155,5.09,4.7,4.83,
Brazil,1983,10.98583302,,12.24375557,7.35E+11,1.90E+11,-2.93,14.275817,131.4840451,135.0276822,2.233652838,50.13327329,49.86672671,129790077,4.63,4.62,4.62,
Brazil,1984,12.78522219,,15.03541254,7.75E+11,1.88E+11,5.4,17.48867873,201.7402821,192.1217331,2.186254785,50.13497892,49.86502108,132658864,4.4,3.9,4.04,
Brazil,1985,14.36891681,,12.9485791,8.36E+11,2.11E+11,7.85,20.18363203,248.5436591,225.9896652,2.130582513,50.13687465,49.86312535,135515595,3.86,3.17,3.38,
Brazil,1986,20.87996256,,9.21727907,8.98E+11,2.56E+11,7.49,17.90151585,149.1793183,147.1428262,2.060145718,50.13915068,49.86084932,138336370,2.71,2.22,2.37,
Brazil,1987,20.65932161,,9.828482027,9.30E+11,2.83E+11,3.53,22.66060326,206.2087087,228.3361626,1.98157141,50.14190077,49.85809923,141104944,3.95,3.34,3.56,
Brazil,1988,80.44763566,,11.66735855,9.30E+11,3.08E+11,-0.06,25.65368371,627.9514702,629.1145091,1.910282056,50.14576292,49.85423708,143826357,4.25,3.54,3.79,
Brazil,1989,111.3253039,,8.929609672,9.59E+11,4.13E+11,3.16,35.80855575,1304.424209,1430.723725,1.843899716,50.15165494,49.84834506,146502972,5.353,3.474,4.145,
Brazil,1990,30.39451422,,8.197236485,9.17E+11,3.91E+11,-4.35,18.95279437,2736.970678,2947.732772,1.786135751,50.16023423,49.83976577,149143223,5.574,4.212,4.703,
Brazil,1991,35.02960132,,8.677636599,9.27E+11,3.43E+11,1.032189585,18.73288253,416.6780939,432.7866619,1.715769565,50.17155596,49.82844404,151724256,,,,12.752
Brazil,1992,60.93240882,,10.86831166,9.22E+11,3.28E+11,-0.544072051,20.1983916,969.0129629,951.9620531,1.667246818,50.18544149,49.81455851,154275079,8.935,5.859,7.086,13.119
Brazil,1993,93.65884647,,10.50327166,9.67E+11,3.68E+11,4.924690005,20.25435679,1996.150247,1927.38079,1.619928558,50.20129204,49.79870796,156794577,7.34,5.16,6.03,11.406
Brazil,1994,45.4613038,,9.513076427,1.02E+12,5.25E+11,5.852870364,19.11504002,2240.168866,2075.888398,1.563299735,50.21800144,49.78199856,159265006,,,,12.354
Brazil,1995,32.44854688,,7.528875038,1.07E+12,7.69E+11,4.223793634,14.43936254,93.97804305,66.00703355,1.539012552,50.23477004,49.76522996,161735073,9.014,5.855,7.092,13.261
Brazil,1996,35.11848156,,6.730209685,1.09E+12,8.50E+11,2.208864051,14.04132102,18.45624377,15.7576656,1.514107592,50.25131492,49.74868508,164202549,10.641,6.349,8.035,14.628
Brazil,1997,36.96512905,,6.983649577,1.13E+12,8.83E+11,3.394845985,13.71115851,7.72902341,6.926712516,1.486504265,50.26770374,49.73229626,166661659,12.03,7.026,9.003,16.616
Brazil,1998,39.33173174,,7.030500335,1.13E+12,8.64E+11,0.338097902,13.89045289,4.924361587,3.195076293,1.487720981,50.28402961,49.71597039,169159655,13.589,7.855,10.15,19.251
Brazil,1999,42.81105421,,9.56489826,1.14E+12,6.00E+11,0.467937567,12.73690142,8.010500877,4.858447499,1.456527672,50.30076839,49.69923161,171641543,14.58,8.757,11.125,20.639
Brazil,2000,46.48658781,,10.18804801,1.19E+12,6.55E+11,4.387949444,13.99170314,5.606065153,7.044141059,1.375211283,50.31853809,49.68146191,174018282,,,,20.327
Brazil,2001,58.63617172,,12.37171067,1.20E+12,5.60E+11,1.389896404,13.59459734,8.225094316,6.840359025,1.303355032,50.33741233,49.66258767,176301203,13.673,8.437,10.649,20.019
Brazil,2002,55.00498217,,14.23059027,1.24E+12,5.10E+11,3.053461857,15.40587227,9.798112234,8.450164377,1.241420626,50.3571737,49.6428263,178503484,13.608,8.415,10.641,20.603
Brazil,2003,56.5263638,,15.18078371,1.25E+12,5.58E+11,1.140828999,16.41794183,14.09102153,14.71491972,1.180213955,50.37747334,49.62252666,180622688,14.188,8.89,11.168,21.382
Brazil,2004,56.33206511,,16.54576151,1.33E+12,6.69E+11,5.759964637,18.85501894,7.752060759,6.5971851,1.12991417,50.39787323,49.60212677,182675143,13.25,7.629,10.072,20.034
Brazil,2005,60.13304446,,15.24382927,1.37E+12,8.92E+11,3.202132062,18.11409554,7.431224757,6.869537209,1.095906125,50.41805184,49.58194816,184688101,13.89,7.945,10.551,21.399
Brazil,2006,63.24977948,,14.3743163,1.42E+12,1.11E+12,3.961988709,18.40981625,6.774274093,4.183568129,1.058338425,50.4379812,49.5620188,186653106,12.696,7.339,9.692,19.883
Brazil,2007,68.35919863,,13.3276751,1.51E+12,1.40E+12,6.069870607,19.34636036,6.439038102,3.641272991,1.012368206,50.45803812,49.54196188,188552320,12.407,6.835,9.28,18.795
Brazil,2008,70.48945297,,13.53400051,1.59E+12,1.70E+12,5.094195448,19.22684661,8.77855273,5.678593903,0.957984636,50.47850051,49.52149949,190367302,11.173,6.008,8.268,17.556
Brazil,2009,76.09041944,,10.85137114,1.58E+12,1.67E+12,-0.125812003,16.38036504,7.313482742,4.888034799,0.895632239,50.4991104,49.5008896,192079951,12.585,6.918,9.419,19.774
Brazil,2010,74.21938014,28.05946823,10.86558478,1.70E+12,2.21E+12,7.528225818,17.80239933,8.423338339,5.038726901,0.840883225,50.519667,49.480333,193701929,,,,18.239
Brazil,2011,76.82527514,28.66252168,11.58251268,1.77E+12,2.62E+12,3.974423079,18.60126641,8.31859222,6.636449622,0.813813884,50.5403894,49.4596106,195284734,10.351,5.446,7.578,16.928
Brazil,2012,79.05286203,28.17499931,11.87753907,1.80E+12,2.47E+12,1.921175985,17.6781085,7.943126937,5.40349914,0.811598483,50.56115696,49.43884304,196876111,9.222,5.795,7.251,15.854
Brazil,2013,78.62652781,28.15048642,11.74223065,1.86E+12,2.47E+12,3.00482267,18.15169084,7.504564533,6.204310666,0.810511648,50.58145324,49.41854676,198478299,8.958,5.674,7.071,15.7
Brazil,2014,81.90656401,29.28223601,11.01194282,1.87E+12,2.46E+12,0.50395574,16.13440499,7.846709751,6.329040155,0.806314178,50.60124234,49.39875766,200085127,8.306,5.603,6.755,15.496
Brazil,2015,88.06962765,33.94917881,12.90019142,1.80E+12,1.80E+12,-3.545763393,14.52934719,7.566175008,9.029901024,0.791721774,50.61996241,49.38003759,201675532,10.292,7.218,8.538,19.493
Brazil,2016,93.82113793,33.40516814,12.46667904,1.74E+12,1.80E+12,-3.275916906,13.42175304,8.103604373,8.739143523,0.76197267,50.63937165,49.36062835,203218114,13.584,10.061,11.58,26.596
Brazil,2017,93.0595992,32.36105101,12.51896787,1.77E+12,2.06E+12,1.322869054,13.57776971,3.671384504,3.44637335,0.72824666,50.65949256,49.34050744,204703445,14.861,11.191,12.792,28.593
Brazil,2018,93.71303403,32.23129789,14.6349995,1.80E+12,1.92E+12,1.783666761,12.70741995,4.493534328,3.664850284,0.683439571,50.67882494,49.32117506,206107261,14.394,10.72,12.329,27.958
Brazil,2019,96.05785043,31.13615579,14.12291919,1.82E+12,1.87E+12,1.220777823,12.30640061,4.224258864,3.732976212,0.651994346,50.69749791,49.30250209,207455459,14.322,10.051,11.936,27.098
Brazil,2020,109.1542171,34.91197483,16.45355201,1.76E+12,1.48E+12,-3.276758796,14.84008182,6.472499623,3.211768038,0.57935071,50.71213577,49.28786423,208660842,16.223,11.784,13.697,30.267
Brazil,2021,103.4656345,29.49810432,19.10943037,1.84E+12,1.67E+12,4.76260438,17.21702446,13.04727086,8.301659756,0.425360907,50.73427814,49.26572186,209550294,16.41,10.656,13.158,28.311
Brazil,2022,104.3022143,31.64143585,19.630765,1.90E+12,1.95E+12,3.016694354,15.88750917,8.570281961,9.28010609,0.360180891,50.76282623,49.23717377,210306415,11.491,7.463,9.231,20.732
Brazil,2023,110.1845393,32.43110049,17.9693243,1.96E+12,2.19E+12,3.241655328,15.03950431,5.159501075,4.593562823,0.395928696,50.78492838,49.21507162,211140729,9.681,6.597,7.947,17.938
Brazil,2024,116.3945646,,17.93857944,2.03E+12,2.19E+12,3.419315166,14.14115082,4.079674484,4.367464077,0.405467028,50.80385848,49.19614152,211998573,8.36,5.588,6.801,15.674
Brazil,2025,,,,,,,,,,,,,,,,,13.981
Germany,1976,,24.55190411,17.99619233,1.67E+12,5.22E+11,4.949258435,20.91833904,3.306194459,4.246631023,-0.428766875,52.57476583,47.42523417,78336950,,,,
Germany,1977,,24.62702379,17.9048238,1.73E+12,6.03E+11,3.34721808,20.62822192,3.100718194,3.734162406,-0.226376663,52.57343172,47.42656828,78159814,,,,
Germany,1978,,24.61640558,17.56304415,1.78E+12,7.43E+11,3.008492888,21.52272028,3.545841819,2.718696961,-0.087031415,52.54747789,47.45252211,78091820,,,,
Germany,1979,,24.16399696,17.750139,1.85E+12,8.85E+11,4.150363338,20.97662771,4.278140607,4.043620065,0.044207406,52.48993572,47.51006428,78126350,,,,
Germany,1980,,25.29188077,18.54341093,1.88E+12,9.54E+11,1.408828644,19.76197165,5.451189434,5.441057545,0.207430406,52.39999553,47.60000447,78288576,,,,
Germany,1981,,26.07530963,20.05069719,1.89E+12,8.03E+11,0.529240542,18.399427,4.175238758,6.344242777,0.152308489,52.33480403,47.66519597,78407907,,,,
Germany,1982,,26.31568934,20.78279838,1.88E+12,7.79E+11,-0.394840736,18.70849437,4.581058612,5.241045072,-0.095113437,52.31386206,47.68613794,78333366,,,,
Germany,1983,,25.89789091,20.20661401,1.91E+12,7.74E+11,1.572410142,19.2737211,2.807938532,3.293414743,-0.262152572,52.29590653,47.70409347,78128282,7.534,5.754,6.449,
Germany,1984,,26.10112847,21.63478329,1.96E+12,7.28E+11,2.822947836,19.88907313,1.989146293,2.405793399,-0.345666402,52.27577627,47.72422373,77858685,8.243,5.657,6.673,
Germany,1985,,25.67152281,22.84314787,2.01E+12,7.35E+11,2.327935201,20.68160554,2.124725736,2.066233012,-0.223489902,52.2380277,47.7619723,77684873,8.469,5.826,6.875,
Germany,1986,,25.25284539,21.19818707,2.06E+12,1.05E+12,2.287339259,22.18195819,2.999543135,-0.129413361,0.045768064,52.16729013,47.83270987,77720436,8.23,5.54,6.608,
Germany,1987,,25.66291589,20.59660396,2.08E+12,1.30E+12,1.402151588,21.35174797,1.279663573,0.249906109,0.153617575,52.04845298,47.95154702,77839920,7.918,6.089,6.813,
Germany,1988,,25.45250005,21.00195884,2.16E+12,1.41E+12,3.70723568,22.52089282,1.690461303,1.27411894,0.39067896,51.92831582,48.07168418,78144619,7.902,5.275,6.319,
Germany,1989,,24.46768244,22.20643588,2.25E+12,1.40E+12,3.896551706,23.5216723,2.879066715,2.780569556,0.773336991,51.82855356,48.17144644,78751283,7.47,4.538,5.705,
Germany,1990,,24.59557461,22.74041178,2.36E+12,1.78E+12,5.255006101,24.76364297,3.396643515,2.696468243,0.861969449,51.72595625,48.27404375,79433029,6.119,4.038,4.89,
Germany,1991,,30.97216027,23.56601177,2.48E+12,1.88E+12,5.108261502,24.37042568,3.085079757,4.047032598,0.728605547,51.62951422,48.37048578,80013896,6.524,4.423,5.316,5.512
Germany,1992,,31.16334969,22.08954962,2.54E+12,2.14E+12,2.013613409,23.95756254,5.310914077,5.056977967,0.760346947,51.5045574,48.4954426,80624598,8.225,4.911,6.323,5.972
Germany,1993,,31.68971286,19.8790217,2.51E+12,2.08E+12,-0.973033082,22.86324498,3.784893662,4.474576508,0.657391218,51.4128379,48.5871621,81156363,9.32,6.461,7.675,7.672
Germany,1994,,31.74666217,20.60570614,2.58E+12,2.22E+12,2.596855697,23.00875242,1.943698872,2.693056399,0.346856649,51.38902441,48.61097559,81438348,10.316,7.542,8.727,8.96
Germany,1995,,38.21819751,21.48152827,2.61E+12,2.59E+12,1.504993842,23.42399167,1.835677815,1.706160413,0.293904444,51.36345464,48.63654536,81678051,9.628,7.053,8.158,8.464
Germany,1996,,32.32997677,22.28216908,2.64E+12,2.51E+12,1.037875567,22.98597748,0.464204193,1.44972702,0.289474899,51.33346154,48.66653846,81914831,9.592,8.239,8.822,9.63
Germany,1997,,31.79495522,24.70139997,2.69E+12,2.22E+12,1.854322384,23.07079371,0.145509781,1.939371989,0.146313282,51.38783472,48.61216528,82034771,10.589,9.306,9.861,10.666
Germany,1998,,31.57854137,25.66016091,2.75E+12,2.25E+12,2.095612312,23.52386684,0.692367198,0.911183535,0.015143651,51.38505749,48.61494251,82047195,10.436,9.289,9.787,9.79
Germany,1999,,31.35198629,26.02987618,2.81E+12,2.21E+12,2.129570163,22.54980666,0.5743984,0.585433064,0.064634578,51.31895335,48.68104665,82100243,9.235,8.559,8.854,8.883
Germany,2000,,31.01077167,29.68065325,2.89E+12,1.97E+12,2.876523125,22.39619756,-0.34311256,1.440268387,0.1354316,51.32959284,48.67040716,82211508,8.27,7.64,7.917,8.545
Germany,2001,,30.41748462,30.56041138,2.93E+12,1.97E+12,1.636141707,22.56424663,1.433388012,1.983857313,0.168225361,51.32942556,48.67057444,82349925,7.78,7.768,7.773,7.787
Germany,2002,,30.82397812,31.19045049,2.93E+12,2.10E+12,-0.228255716,22.10152797,1.49925333,1.420806156,0.168128319,51.32031752,48.67968248,82488495,8.214,8.696,8.482,9.285
Germany,2003,,31.16359709,31.26784511,2.91E+12,2.53E+12,-0.529801394,21.07284437,1.321651681,1.034222186,0.055363304,51.33414804,48.66585196,82534176,9.282,10.181,9.779,11.024
Germany,2004,,29.98617556,33.93521264,2.94E+12,2.85E+12,1.162086845,23.54144318,1.155340668,1.665736967,-0.021709728,51.34428321,48.65571679,82516260,10.078,11.251,10.727,12.984
Germany,2005,,30.00417077,35.95314979,2.97E+12,2.89E+12,0.885485293,23.37559527,0.534527731,1.546911148,-0.056778262,51.37888006,48.62111994,82469422,10.941,11.398,11.193,15.463
Germany,2006,,28.69749977,38.96944992,3.09E+12,3.05E+12,3.866682415,25.7235524,0.436413949,1.577426428,-0.112797498,51.3231945,48.6768055,82376451,10.273,10.279,10.277,13.402
Germany,2007,,27.53207826,40.63680563,3.17E+12,3.48E+12,2.889117414,27.47272329,1.840534703,2.298344007,-0.133718573,51.22300471,48.77699529,82266372,8.772,8.698,8.732,11.824
Germany,2008,,27.80529723,40.94887382,3.20E+12,3.81E+12,0.887902331,26.46361516,0.95475833,2.628379816,-0.190142845,51.21196164,48.78803836,82110097,7.723,7.329,7.508,10.929
Germany,2009,,30.44555468,35.45451629,3.03E+12,3.48E+12,-5.544554519,23.7954492,1.973002674,0.312739007,-0.25338341,51.24848147,48.75151853,81902307,7.488,8.211,7.88,11.309
Germany,2010,,30.75671253,39.49534654,3.15E+12,3.47E+12,4.134637785,25.24688237,0.699760025,1.103810378,-0.153198447,51.27630669,48.72369331,81776930,6.594,7.423,7.043,10.416
Germany,2011,,28.31417848,41.64362866,3.27E+12,3.82E+12,3.757968845,27.54990983,1.22973444,2.075172837,-1.853714629,51.23261589,48.76738411,80274983,5.708,6.191,5.967,8.927
Germany,2012,,27.94450716,42.68558344,3.28E+12,3.60E+12,0.463512037,26.65620558,1.436336228,2.008488848,0.187727801,51.12635277,48.87364723,80425823,5.226,5.496,5.372,8.119
Germany,2013,,27.99698585,41.68028383,3.30E+12,3.81E+12,0.396995584,26.51208318,1.995698881,1.504723303,0.272900215,51.01396282,48.98603718,80645605,4.99,5.598,5.316,7.825
Germany,2014,,27.51604137,41.69366755,3.37E+12,3.96E+12,2.180186022,27.38938305,1.894704167,0.906794,0.416877359,50.93788617,49.06211383,80982500,4.631,5.282,4.979,7.612
Germany,2015,,27.43650046,42.58539762,3.43E+12,3.43E+12,1.663006023,27.62473916,1.74443989,0.514426137,0.865702644,50.77600817,49.22399183,81686611,4.206,4.963,4.612,7.328
Germany,2016,,27.37485173,41.63554195,3.50E+12,3.54E+12,2.222222163,28.65479798,1.254244852,0.491747008,0.807218539,50.65038766,49.34961234,82348669,3.723,4.434,4.104,7.079
Germany,2017,,27.52267402,42.2029576,3.60E+12,3.77E+12,2.797906721,28.65663195,1.476614256,1.509494851,0.37372456,50.63716242,49.36283758,82657002,3.316,4.181,3.781,6.77
Germany,2018,,27.36449594,42.49689141,3.64E+12,4.06E+12,1.135696046,30.00753247,1.870859539,1.732168798,0.300526702,50.62440486,49.37559514,82905782,2.903,3.799,3.384,6.22
Germany,2019,,27.88043355,42.34024448,3.68E+12,3.96E+12,0.977734697,29.26512621,2.009291227,1.445659769,0.225519874,50.62001202,49.37998798,83092962,2.725,3.542,3.163,5.859
Germany,2020,,32.15059466,39.11980688,3.52E+12,3.94E+12,-4.131914432,28.02079545,1.757452902,0.144877926,0.081693159,50.62552622,49.37447378,83160871,3.488,4.223,3.881,7.862
Germany,2021,,32.66852056,42.51983793,3.66E+12,4.36E+12,3.909999942,29.51324064,2.696778401,3.066666667,0.042327057,50.63226577,49.36773423,83196078,3.14,3.987,3.594,6.665
Germany,2022,,31.1748914,45.62840434,3.73E+12,4.20E+12,1.809258124,27.02610563,6.413159108,6.872574386,-0.02195657,50.63212433,49.36787567,83177813,2.872,3.368,3.137,6.049
Germany,2023,,,42.96726242,3.70E+12,4.56E+12,-0.869647579,27.60398508,6.691123895,5.946436677,0.131511079,50.6248191,49.3751809,83287273,2.858,3.258,3.071,6.02
Germany,2024,,,41.43405937,3.68E+12,4.69E+12,-0.495851897,27.14190098,3.110277421,2.256498143,0.274957829,50.61865125,49.38134875,83516593,3.129,3.586,3.372,6.604
Germany,2025,,,,,,,,,,,,,,,,,6.862
India,1976,28.03063742,10.62936619,6.686512862,2.36E+11,1.03E+11,1.663103638,15.96560507,5.981859341,-7.633947634,2.352627775,48.33276386,51.66723614,625861883,,,,
India,1977,29.48112123,10.5053165,6.383171814,2.53E+11,1.21E+11,7.254764588,15.40498137,5.637229338,8.307470092,2.358940447,48.31483943,51.68516057,640801103,,,,
India,1978,32.97581324,11.2699439,6.314825235,2.68E+11,1.37E+11,5.712532089,15.05823925,2.46028232,2.523048757,2.3027301,48.30381811,51.69618189,655728229,,,,
India,1979,35.39489208,12.31444775,6.749638157,2.54E+11,1.53E+11,-5.238182704,15.76895438,15.72804321,6.275683368,2.325480377,48.29255884,51.70744116,671155747,,,,
India,1980,34.466552,11.70247812,6.139551132,2.71E+11,1.86E+11,6.735821529,14.52572508,11.50832081,11.34607348,2.384825791,48.27803663,51.72196337,687354025,,,,
India,1981,34.45679403,11.37603387,5.936026627,2.87E+11,1.93E+11,6.006203626,15.80787417,10.82758198,13.1125469,2.349732026,48.271979,51.728021,703696250,,,,
India,1982,36.10517587,11.95987282,5.983299849,2.97E+11,2.01E+11,3.47573324,15.80598492,8.095863101,7.890742794,2.333969644,48.27016362,51.72983638,720313473,,,,
India,1983,36.23599945,12.0777927,5.837629424,3.19E+11,2.18E+11,7.288892903,15.35474951,8.552859602,11.8680813,2.340694095,48.26989956,51.73010044,737372681,,,,
India,1984,38.1562583,13.14295968,6.283401393,3.31E+11,2.12E+11,3.820737856,15.79556695,7.923232848,8.318907119,2.345933005,48.27163275,51.72836725,754875449,,,,
India,1985,39.52833976,14.37894512,5.254554996,3.48E+11,2.33E+11,5.254299223,16.79831129,7.193785445,5.556424232,2.327054084,48.27690953,51.72309047,772647793,,,,
India,1986,41.66114612,15.33863824,5.19622166,3.65E+11,2.49E+11,4.776564168,15.78850603,6.789400454,8.729720727,2.308264588,48.28542281,51.71457719,790689978,,,,
India,1987,42.63416644,15.76721892,5.604580884,3.80E+11,2.79E+11,3.965355635,16.9825251,9.327893306,8.801125813,2.280800256,48.29524225,51.70475775,808931270,,,,
India,1988,42.50398944,15.5195025,6.035219755,4.16E+11,2.97E+11,9.627782916,18.15680913,8.232515369,9.383471862,2.250539235,48.30431947,51.69568053,827342990,,,,
India,1989,42.81633591,15.97153364,7.016130278,4.41E+11,2.96E+11,5.947343332,20.14443959,8.436808869,7.074280029,2.234673403,48.31256655,51.68743345,846039529,,,,
India,1990,42.18377309,15.48421708,7.053350234,4.65E+11,3.21E+11,5.533454561,21.21356324,10.66830385,8.971232503,2.213130886,48.31954505,51.68045495,864972221,,,,
India,1991,43.41785553,15.33897953,8.494240771,4.70E+11,2.70E+11,1.056831435,21.7599661,13.75181894,13.87024618,2.167776687,48.32404916,51.67595084,883927600,,,,20.182
India,1992,44.14442931,15.11647596,8.842926925,4.96E+11,2.88E+11,5.48239602,23.24680162,8.965152362,11.78781704,2.129985193,48.32586349,51.67413651,902957070,,,,20.257
India,1993,44.88345888,15.14510813,9.834217455,5.19E+11,2.79E+11,4.750776218,24.08307928,9.861782855,6.326890488,2.099860694,48.3251933,51.6748067,922118387,,,,20.35
India,1994,46.02146549,14.60328653,9.888084916,5.54E+11,3.27E+11,6.65892407,25.95100655,9.980044769,10.24793556,2.044354181,48.32098535,51.67901465,941163767,1.885,2.239,2.147,20.265
India,1995,43.54530888,14.24572561,10.84396804,5.96E+11,3.60E+11,7.574491838,26.96739109,9.062702224,10.22488616,2.012966329,48.31363528,51.68636472,960301044,,,,20.202
India,1996,44.68943655,14.08071054,10.38516927,6.41E+11,3.93E+11,7.549522249,27.04793504,7.575018289,8.977152338,1.997759094,48.30494201,51.69505799,979678458,,,,20.118
India,1997,47.4599823,14.5974823,10.69071732,6.67E+11,4.16E+11,4.04982085,27.55043402,6.476271259,7.164252115,1.966425184,48.29586621,51.70413379,999133762,,,,20.185
India,1998,48.90130685,14.40763023,11.01846918,7.08E+11,4.21E+11,6.184415822,25.88950465,8.010167525,13.23083898,1.935963844,48.28671353,51.71328647,1018665080,,,,20.224
India,1999,51.06492596,14.80403806,11.45206461,7.71E+11,4.59E+11,8.845755559,25.63753291,3.068395523,4.66982038,1.902029192,48.27828791,51.72171209,1038225823,,,,20.19
India,2000,54.64512918,15.4104026,12.99723631,8.01E+11,4.68E+11,3.840991157,26.11902373,3.64497016,4.00943591,1.879398262,48.27094476,51.72905524,1057922733,2.402,2.848,2.731,20.198
India,2001,57.73906777,15.54562552,12.55837963,8.39E+11,4.85E+11,4.823966266,26.2598845,3.215616017,3.779293122,1.870608221,48.2655331,51.7344669,1077898575,,,,20.422
India,2002,62.61952452,16.05294821,14.26438392,8.71E+11,5.15E+11,3.803975321,28.11147834,3.715683778,4.297152039,1.811294241,48.26231192,51.73768808,1097600380,,,,20.761
India,2003,63.1792536,15.57759372,14.94791386,9.40E+11,6.08E+11,7.860381476,30.47095826,3.867798085,3.805858995,1.734382044,48.26034987,51.73965013,1116803006,,,,20.855
India,2004,64.63570806,15.133483,17.85912496,1.01E+12,7.09E+11,7.922936612,33.33255466,5.725413228,3.767251735,1.703570468,48.25969563,51.74030437,1135991513,,,,20.988
India,2005,65.5481219,15.17398359,19.60524669,1.09E+12,8.20E+11,7.923430621,34.41801529,5.621903263,4.24634362,1.631421469,48.26028883,51.73971117,1154676322,4.002,3.717,3.804,21.117
India,2006,68.06302179,15.18947956,21.26794142,1.18E+12,9.40E+11,8.060732572,36.36053211,8.400938217,5.796523376,1.564125225,48.26268994,51.73731006,1172878890,,,,21.472
India,2007,72.28042392,15.25786002,20.79969975,1.27E+12,1.22E+12,7.660815067,37.011389,6.944418252,6.372881356,1.505991444,48.26656801,51.73343199,1190676021,,,,21.863
India,2008,77.37295611,17.22767043,24.09735726,1.31E+12,1.20E+12,3.086698059,36.25408263,9.193969626,8.349267049,1.438771817,48.2709042,51.7290958,1207930964,,,,22.417
India,2009,79.07519634,16.85189271,20.40051937,1.42E+12,1.34E+12,7.861888833,35.61743481,7.040365436,10.88235294,1.44601732,48.27626272,51.72373728,1225524753,,,,22.862
India,2010,77.67995244,16.50513595,22.40093325,1.54E+12,1.68E+12,8.497584702,36.30587504,10.52603086,11.98938992,1.454603619,48.28245914,51.71754086,1243481564,3.788,2.88,3.115,23.299
India,2011,78.83731129,14.4898394,24.54041132,1.62E+12,1.82E+12,5.241316199,35.13179309,8.733578906,8.911793365,1.416827615,48.28914672,51.71085328,1261224954,,,,23.641
India,2012,76.91318852,16.1667124,24.53443066,1.70E+12,1.83E+12,5.456387552,35.26129232,7.934387478,9.478996914,1.374056166,48.29671922,51.70328078,1278674502,3.738,3.048,3.222,24.135
India,2013,78.18217173,16.63868255,25.4308613,1.81E+12,1.86E+12,6.386106401,34.30465749,6.186504001,10.01787847,1.332704305,48.30518438,51.69481562,1295829511,,,,24.473
India,2014,77.89935376,14.80313764,22.96796301,1.95E+12,2.04E+12,7.410227605,33.46602575,3.331756917,6.665656719,1.261290271,48.31380789,51.68619211,1312277191,,,,24.709
India,2015,78.01191058,15.12569036,19.81318916,2.10E+12,2.10E+12,7.996253786,32.45392411,2.279588108,4.906973441,1.192855634,48.3218316,51.6781684,1328024498,,,,24.959
India,2016,74.54926535,15.27195003,19.15823491,2.28E+12,2.29E+12,8.256305502,31.72641474,3.237974951,4.948216341,1.191629664,48.32992014,51.67007986,1343944296,,,,25.23
India,2017,74.14418936,15.61410992,18.79176484,2.43E+12,2.65E+12,6.795383419,31.70675317,3.969257934,3.328173375,1.162396143,48.33852292,51.66147708,1359657400,,,,25.591
India,2018,74.0978246,15.66313192,19.9278286,2.59E+12,2.70E+12,6.453851345,31.41049223,3.884240272,3.938826467,1.097299067,48.34718094,51.65281906,1374659064,7.715,7.634,7.652,26.003
India,2019,76.98188097,,18.6642649,2.69E+12,2.84E+12,3.871436941,29.70220058,2.405517161,3.729505735,1.040013951,48.35598203,51.64401797,1389030312,6.072,6.652,6.51,22.947
India,2020,87.67667268,,18.68247693,2.53E+12,2.67E+12,-5.777724707,28.67968211,4.814857919,6.623436776,0.973438647,48.36971827,51.63028173,1402617695,6.763,8.236,7.859,24.666
India,2021,82.10203483,,21.39915833,2.78E+12,3.17E+12,9.689592492,29.86613306,8.354907715,5.131407472,0.82264822,48.38621891,51.61378109,1414203896,5.402,6.73,6.38,20.824
India,2022,,13.33351785,23.2515412,2.99E+12,3.35E+12,7.609364978,29.81266105,5.897141859,6.699034141,0.790200541,48.39908248,51.60091752,1425423212,4.588,4.908,4.822,17.732
India,2023,,,21.44869778,3.27E+12,3.64E+12,9.19075493,30.93900607,2.591949545,5.649143189,0.88328954,48.41117105,51.58882895,1438069596,4.063,4.222,4.172,15.595
India,2024,,,21.16184605,3.48E+12,3.91E+12,6.494765524,30.26844733,3.082273992,4.95303551,0.890706547,48.42477306,51.57522694,1450935791,4.091,4.21,4.173,15.746
India,2025,,,,,,,,,,,,,,,,,16.022
United States,1976,69.98012183,19.7324454,7.980892617,6.19E+12,1.87E+12,5.388033918,21.46457907,5.503491891,5.744812635,0.950220049,51.36567458,48.63432542,218035000,8.6,7.1,7.7,
United States,1977,70.55320666,19.60298315,7.654290032,6.47E+12,2.08E+12,4.624186506,22.20819607,6.213332728,6.501683995,1.005771996,51.35958341,48.64041659,220239000,8.2,6.3,7.1,
United States,1978,69.49922159,19.12358357,7.947060702,6.83E+12,2.35E+12,5.535206482,23.42848419,7.033930651,7.630963839,1.05957308,51.35251766,48.64748234,222585000,7.2,5.3,6.1,
United States,1979,68.29674807,18.92108842,8.759034352,7.05E+12,2.63E+12,3.165988218,23.52214204,8.296721993,11.25447113,1.103576565,51.34416341,48.65583659,225055000,6.8,5.1,5.8,
United States,1980,69.50639186,20.54416974,9.82645547,7.03E+12,2.86E+12,-0.256775731,22.20286445,9.033105387,13.54920197,0.959589923,51.33168207,48.66831793,227225000,7.4,6.9,7.1,
United States,1981,69.39767842,21.00472055,9.517776667,7.21E+12,3.21E+12,2.537701268,23.3667733,9.462164086,10.33471534,0.981415437,51.30214123,48.69785877,229466000,7.9,7.4,7.6,
United States,1982,73.23697757,22.46313987,8.469732989,7.08E+12,3.34E+12,-1.803013789,21.7901309,6.178404151,6.131427,0.953317566,51.25788467,48.74211533,231664000,9.4,9.9,9.7,
United States,1983,72.96137245,22.80273349,7.622264819,7.40E+12,3.63E+12,4.583790984,19.79541766,3.916908787,3.212435233,0.914378513,51.20896723,48.79103277,233792000,9.2,9.9,9.6,
United States,1984,73.89905868,21.47035885,7.489078324,7.94E+12,4.04E+12,7.236453165,21.91104001,3.607879307,4.300535475,0.865817336,51.15808274,48.84191726,235825000,7.6,7.4,7.5,
United States,1985,74.46922421,22.17480195,6.98807254,8.27E+12,4.34E+12,4.169575347,20.36566667,3.162525256,3.545644152,0.886129041,51.10890876,48.89109124,237924000,7.4,7,7.2,
United States,1986,77.17093364,22.23061203,7.009254676,8.55E+12,4.58E+12,3.462655057,18.96102546,2.013892532,1.898047722,0.924164157,51.06432916,48.93567084,240133000,7.1,6.9,7,
United States,1987,75.74927166,21.37433667,7.495919336,8.85E+12,4.86E+12,3.454629669,19.62135559,2.477388463,3.664563218,0.893829201,51.0235149,48.9764851,242289000,6.2,6.2,6.2,
United States,1988,75.00419178,21.03032634,8.49052352,9.22E+12,5.24E+12,4.176982387,20.63486668,3.527499871,4.077741107,0.90799904,50.98232808,49.01767192,244499000,5.6,5.5,5.5,
United States,1989,73.31970831,20.863127,8.938790197,9.56E+12,5.64E+12,3.672237844,19.74936099,3.920759473,4.82700303,0.944405555,50.94268475,49.05731525,246819000,5.4,5.2,5.3,
United States,1990,71.223519,21.55892932,9.254732068,9.74E+12,5.96E+12,1.885965582,18.75926525,3.743329103,5.39795644,1.12965052,50.88095381,49.11904619,249623000,5.5,5.7,5.6,
United States,1991,70.00324287,22.88438583,9.660905122,9.73E+12,6.16E+12,-0.108312882,18.81418853,3.381811329,4.234963965,1.336260741,50.81380061,49.18619939,252981000,6.4,7.2,6.8,13.508
United States,1992,66.01336099,21.81838426,9.708914906,1.01E+13,6.52E+12,3.522497173,17.6880247,2.278854357,3.028819678,1.386885692,50.76246537,49.23753463,256514000,7,7.9,7.5,14.308
United States,1993,63.1321973,21.41747268,9.547180392,1.03E+13,6.86E+12,2.751795867,17.05100445,2.370324831,2.951656966,1.31868,50.71032614,49.28967386,259919000,6.6,7.2,6.9,13.426
United States,1994,59.65884733,20.73145429,9.893147416,1.08E+13,7.29E+12,4.02902273,17.86170504,2.135198417,2.607441592,1.226296089,50.66039561,49.33960439,263126000,6.053,6.175,6.119,12.554
United States,1995,60.8150739,20.53300442,10.63922388,1.11E+13,7.64E+12,2.684430732,18.75893698,2.09668849,2.805419689,1.190787091,50.61127799,49.38872201,266278000,5.671,5.633,5.65,12.186
United States,1996,62.0770874,20.00539568,10.74663556,1.15E+13,8.07E+12,3.772772691,19.65112258,1.830764554,2.9312042,1.16341162,50.56122687,49.43877313,269394000,5.47,5.435,5.451,12.094
United States,1997,63.10258975,19.38967579,11.11975453,1.20E+13,8.58E+12,4.447127936,20.84765196,1.724477098,2.337689937,1.203960297,50.50963419,49.49036581,272657000,5.074,4.937,5,11.43
United States,1998,65.45841335,18.72132886,10.51526113,1.25E+13,9.06E+12,4.483133354,21.39049749,1.123850063,1.552279099,1.165714526,50.45450458,49.54549542,275854000,4.62,4.416,4.511,10.424
United States,1999,67.45240684,18.10443785,10.30933456,1.31E+13,9.63E+12,4.788425047,20.92609787,1.415110881,2.188027197,1.148340047,50.39660817,49.60339183,279040000,4.338,4.115,4.219,9.891
United States,2000,68.51417061,17.92653714,10.69277691,1.37E+13,1.03E+13,4.077585757,20.81334332,2.265128815,3.376857271,1.112768997,50.33704227,49.66295773,282162411,4.098,3.9,3.992,9.278
United States,2001,71.63627391,19.50976281,9.703447499,1.38E+13,1.06E+13,0.955538348,19.65727466,2.251737322,2.826171119,0.989741382,50.29477507,49.70522493,284968955,4.654,4.799,4.731,10.492
United States,2002,72.44868594,20.08400965,9.131381514,1.40E+13,1.09E+13,1.700447326,18.38085129,1.554033271,1.586031627,0.927797486,50.27135075,49.72864925,287625193,5.613,5.931,5.783,11.935
United States,2003,72.1575084,20.66063261,9.035658683,1.44E+13,1.15E+13,2.795605963,17.42872694,1.974197631,2.270094973,0.859481713,50.24833249,49.75166751,290107933,5.665,6.271,5.989,12.362
United States,2004,71.54965721,20.4485356,9.628750081,1.50E+13,1.22E+13,3.847771696,17.73316477,2.689135388,2.677236693,0.925483969,50.22626165,49.77373835,292805298,5.398,5.641,5.529,11.791
United States,2005,72.45148983,20.74510298,9.982054732,1.55E+13,1.30E+13,3.483549936,18.12245495,3.135495559,3.392746845,0.921713167,50.20530277,49.79469723,295516599,5.096,5.072,5.084,11.24
United States,2006,74.53609725,20.59513512,10.64138647,1.59E+13,1.38E+13,2.784539637,19.19974888,3.083848857,3.225944101,0.964253917,50.18532458,49.81467542,298379912,4.627,4.619,4.623,10.43
United States,2007,79.47787196,20.86464527,11.46379016,1.62E+13,1.45E+13,2.003858298,17.42794981,2.709221366,2.852672482,0.951055243,50.16703218,49.83296782,301231207,4.502,4.726,4.622,10.472
United States,2008,84.2544044,22.78762613,12.42584736,1.63E+13,1.48E+13,0.11358725,15.05881108,1.92668919,3.839100297,0.945865287,50.149698,49.850302,304093966,5.422,6.1,5.784,12.76
United States,2009,90.69069702,25.57652018,10.93222062,1.58E+13,1.45E+13,-2.57650023,13.89305138,0.616794208,-0.355546266,0.876651299,50.13402973,49.86597027,306771529,8.069,10.294,9.254,17.517
United States,2010,84.84881945,26.05460472,12.34136081,1.63E+13,1.50E+13,2.695192577,15.38325782,1.215257038,1.640043442,0.846129866,50.12031301,49.87968699,309378227,8.621,10.521,9.633,18.361
United States,2011,87.32368548,25.34570583,13.56346715,1.65E+13,1.56E+13,1.564406858,16.3373296,2.06312857,3.156841569,0.792394333,50.08466116,49.91533884,311839461,8.463,9.374,8.949,17.272
United States,2012,87.91684036,23.9119007,13.6440494,1.69E+13,1.63E+13,2.289113387,18.37929189,1.86220422,2.069337265,0.798382901,50.02894814,49.97105186,314339099,7.893,8.225,8.069,16.211
United States,2013,88.66008223,22.93239685,13.5836612,1.72E+13,1.68E+13,2.117830098,18.60463971,1.475986503,1.464832656,0.756560083,49.97633241,50.02366759,316726282,7.076,7.638,7.375,15.558
United States,2014,89.49218445,22.68409407,13.55243772,1.77E+13,1.76E+13,2.523819814,19.72101346,1.635353052,1.622222977,0.796023798,49.92678498,50.07321502,319257560,6.06,6.262,6.168,13.411
United States,2015,88.98236708,22.48290639,12.47181925,1.82E+13,1.82E+13,2.945550455,19.79472094,0.76587974,0.118627136,0.797904713,49.87975402,50.12024598,321815121,5.178,5.369,5.28,11.634
United States,2016,89.99016908,22.54757747,11.95798206,1.85E+13,1.87E+13,1.819451478,18.66769355,0.851475885,1.261583206,0.785625486,49.83397246,50.16602754,324353340,4.789,4.94,4.869,10.432
United States,2017,90.52383067,22.29389316,12.26173812,1.90E+13,1.95E+13,2.457622299,19.11037472,1.685083824,2.130110004,0.692906253,49.79057232,50.20942768,326608609,4.309,4.396,4.355,9.238
United States,2018,89.3303889,22.30277708,12.36098922,1.96E+13,2.05E+13,2.966505069,19.3465539,2.383053723,2.442583297,0.586433075,49.75213882,50.24786118,328529577,3.838,3.947,3.896,8.607
United States,2019,92.98697951,22.68177221,11.87687122,2.01E+13,2.14E+13,2.583825334,19.57416713,1.506772517,1.812210075,0.515108555,49.71808614,50.28191386,330226227,3.61,3.722,3.669,8.375
United States,2020,110.6387647,32.27190482,10.21410553,1.96E+13,2.11E+13,-2.16302914,18.64338415,0.678701829,1.233584396,0.408427567,49.70774357,50.29225643,331577720,8.345,7.797,8.055,14.891
United States,2021,116.7863505,31.7949993,10.96041677,2.08E+13,2.33E+13,6.055052932,18.03293362,4.384838076,4.697858864,0.157317409,49.71893155,50.28106845,332099760,5.215,5.468,5.349,9.704
United States,2022,105.4462243,25.04564203,11.78440463,2.13E+13,2.56E+13,2.51237532,18.69276408,7.129480854,8.002799821,0.57574452,49.73480843,50.26519157,334017321,3.614,3.681,3.65,8.105
United States,2023,100.6844111,24.89828256,11.18441264,2.20E+13,2.73E+13,2.887556007,17.67162838,3.598391355,4.116338384,0.831493188,49.75251875,50.24748125,336806231,3.454,3.8,3.638,7.953
United States,2024,100.7243489,,11.10745669,2.26E+13,2.88E+13,2.793001277,17.81087897,2.482725095,2.949525205,0.976421685,49.75733149,50.24266851,340110988,3.917,4.115,4.022,8.92
United States,2025,,,,,,,,,,,,,,,,,9.34
