Country Name,Country Code,Series Name,,1976 [YR1976],1977 [YR1977],1978 [YR1978],1979 [YR1979],1980 [YR1980],1981 [YR1981],1982 [YR1982],1983 [YR1983],1984 [YR1984],1985 [YR1985],1986 [YR1986],1987 [YR1987],1988 [YR1988],1989 [YR1989],1990 [YR1990],1991 [YR1991],1992 [YR1992],1993 [YR1993],1994 [YR1994],1995 [YR1995],1996 [YR1996],1997 [YR1997],1998 [YR1998],1999 [YR1999],2000 [YR2000],2001 [YR2001],2002 [YR2002],2003 [YR2003],2004 [YR2004],2005 [YR2005],2006 [YR2006],2007 [YR2007],2008 [YR2008],2009 [YR2009],2010 [YR2010],2011 [YR2011],2012 [YR2012],2013 [YR2013],2014 [YR2014],2015 [YR2015],2016 [YR2016],2017 [YR2017],2018 [YR2018],2019 [YR2019],2020 [YR2020],2021 [YR2021],2022 [YR2022],2023 [YR2023],2024 [YR2024],2025 [YR2025]
United States,USA,Broad money (% of GDP),,69.98012183,70.55320666,69.49922159,68.29674807,69.50639186,69.39767842,73.23697757,72.96137245,73.89905868,74.46922421,77.17093364,75.74927166,75.00419178,73.31970831,71.223519,70.00324287,66.01336099,63.1321973,59.65884733,60.8150739,62.0770874,63.10258975,65.45841335,67.45240684,68.51417061,71.63627391,72.44868594,72.1575084,71.54965721,72.45148983,74.53609725,79.47787196,84.2544044,90.69069702,84.84881945,87.32368548,87.91684036,88.66008223,89.49218445,88.98236708,89.99016908,90.52383067,89.3303889,92.98697951,110.6387647,116.7863505,105.4462243,100.6844111,100.7243489,..
United States,USA,"Inflation, consumer prices (annual %)",,5.744812635,6.501683995,7.630963839,11.25447113,13.54920197,10.33471534,6.131427,3.212435233,4.300535475,3.545644152,1.898047722,3.664563218,4.077741107,4.82700303,5.39795644,4.234963965,3.028819678,2.951656966,2.607441592,2.805419689,2.9312042,2.337689937,1.552279099,2.188027197,3.376857271,2.826171119,1.586031627,2.270094973,2.677236693,3.392746845,3.225944101,2.852672482,3.839100297,-0.355546266,1.640043442,3.156841569,2.069337265,1.464832656,1.622222977,0.118627136,1.261583206,2.130110004,2.442583297,1.812210075,1.233584396,4.697858864,8.002799821,4.116338384,2.949525205,..
United States,USA,"Unemployment, total (% of total labor force) (national estimate)",,7.7,7.1,6.1,5.8,7.1,7.6,9.7,9.6,7.5,7.2,7,6.2,5.5,5.3,5.6,6.8,7.5,6.9,6.119,5.65,5.451,5,4.511,4.219,3.992,4.731,5.783,5.989,5.529,5.084,4.623,4.622,5.784,9.254,9.633,8.949,8.069,7.375,6.168,5.28,4.869,4.355,3.896,3.669,8.055,5.349,3.65,3.638,4.022,..
United States,USA,GDP (current US$),,1.87341E+12,2.08183E+12,2.3516E+12,2.62733E+12,2.85731E+12,3.20704E+12,3.34379E+12,3.63404E+12,4.03761E+12,4.33898E+12,4.57963E+12,4.85522E+12,5.23644E+12,5.64158E+12,5.96314E+12,6.15813E+12,6.52033E+12,6.85856E+12,7.28724E+12,7.63975E+12,8.07312E+12,8.57755E+12,9.06282E+12,9.63117E+12,1.02509E+13,1.05819E+13,1.09291E+13,1.14564E+13,1.22172E+13,1.30392E+13,1.38156E+13,1.44742E+13,1.47699E+13,1.44781E+13,1.5049E+13,1.55997E+13,1.6254E+13,1.68432E+13,1.75507E+13,1.8206E+13,1.86951E+13,1.94773E+13,2.05331E+13,2.1381E+13,2.10605E+13,2.33151E+13,2.56048E+13,2.72922E+13,2.8751E+13,..
United States,USA,Population growth (annual %),,0.950220049,1.005771996,1.05957308,1.103576565,0.959589923,0.981415437,0.953317566,0.914378513,0.865817336,0.886129041,0.924164157,0.893829201,0.90799904,0.944405555,1.12965052,1.336260741,1.386885692,1.31868,1.226296089,1.190787091,1.16341162,1.203960297,1.165714526,1.148340047,1.112768997,0.989741382,0.927797486,0.859481713,0.925483969,0.921713167,0.964253917,0.951055243,0.945865287,0.876651299,0.846129866,0.792394333,0.798382901,0.756560083,0.796023798,0.797904713,0.785625486,0.692906253,0.586433075,0.515108555,0.408427567,0.157317409,0.57574452,0.831493188,0.976421685,..
United States,USA,"Population, female (% of total population)",,51.36567458,51.35958341,51.35251766,51.34416341,51.33168207,51.30214123,51.25788467,51.20896723,51.15808274,51.10890876,51.06432916,51.0235149,50.98232808,50.94268475,50.88095381,50.81380061,50.76246537,50.71032614,50.66039561,50.61127799,50.56122687,50.50963419,50.45450458,50.39660817,50.33704227,50.29477507,50.27135075,50.24833249,50.22626165,50.20530277,50.18532458,50.16703218,50.149698,50.13402973,50.12031301,50.08466116,50.02894814,49.97633241,49.92678498,49.87975402,49.83397246,49.79057232,49.75213882,49.71808614,49.70774357,49.71893155,49.73480843,49.75251875,49.75733149,..
United States,USA,"Population, male (% of total population)",,48.63432542,48.64041659,48.64748234,48.65583659,48.66831793,48.69785877,48.74211533,48.79103277,48.84191726,48.89109124,48.93567084,48.9764851,49.01767192,49.05731525,49.11904619,49.18619939,49.23753463,49.28967386,49.33960439,49.38872201,49.43877313,49.49036581,49.54549542,49.60339183,49.66295773,49.70522493,49.72864925,49.75166751,49.77373835,49.79469723,49.81467542,49.83296782,49.850302,49.86597027,49.87968699,49.91533884,49.97105186,50.02366759,50.07321502,50.12024598,50.16602754,50.20942768,50.24786118,50.28191386,50.29225643,50.28106845,50.26519157,50.24748125,50.24266851,..
United States,USA,"Population, total",,218035000,220239000,222585000,225055000,227225000,229466000,231664000,233792000,235825000,237924000,240133000,242289000,244499000,246819000,249623000,252981000,256514000,259919000,263126000,266278000,269394000,272657000,275854000,279040000,282162411,284968955,287625193,290107933,292805298,295516599,298379912,301231207,304093966,306771529,309378227,311839461,314339099,316726282,319257560,321815121,324353340,326608609,328529577,330226227,331577720,332099760,334017321,336806231,340110988,..
United States,USA,Expense (% of GDP),,19.7324454,19.60298315,19.12358357,18.92108842,20.54416974,21.00472055,22.46313987,22.80273349,21.47035885,22.17480195,22.23061203,21.37433667,21.03032634,20.863127,21.55892932,22.88438583,21.81838426,21.41747268,20.73145429,20.53300442,20.00539568,19.38967579,18.72132886,18.10443785,17.92653714,19.50976281,20.08400965,20.66063261,20.4485356,20.74510298,20.59513512,20.86464527,22.78762613,25.57652018,26.05460472,25.34570583,23.9119007,22.93239685,22.68409407,22.48290639,22.54757747,22.29389316,22.30277708,22.68177221,32.27190482,31.7949993,25.04564203,24.89828256,..,..
United States,USA,Exports of goods and services (% of GDP),,7.980892617,7.654290032,7.947060702,8.759034352,9.82645547,9.517776667,8.469732989,7.622264819,7.489078324,6.98807254,7.009254676,7.495919336,8.49052352,8.938790197,9.254732068,9.660905122,9.708914906,9.547180392,9.893147416,10.63922388,10.74663556,11.11975453,10.51526113,10.30933456,10.69277691,9.703447499,9.131381514,9.035658683,9.628750081,9.982054732,10.64138647,11.46379016,12.42584736,10.93222062,12.34136081,13.56346715,13.6440494,13.5836612,13.55243772,12.47181925,11.95798206,12.26173812,12.36098922,11.87687122,10.21410553,10.96041677,11.78440463,11.18441264,11.10745669,..
United States,USA,GDP (constant 2015 US$),,6.18575E+12,6.47179E+12,6.83002E+12,7.04626E+12,7.02817E+12,7.20652E+12,7.07658E+12,7.40096E+12,7.93653E+12,8.26745E+12,8.55372E+12,8.84922E+12,9.21885E+12,9.55739E+12,9.73764E+12,9.72709E+12,1.00697E+13,1.03468E+13,1.07637E+13,1.10526E+13,1.14696E+13,1.19797E+13,1.25168E+13,1.31161E+13,1.36509E+13,1.37814E+13,1.40157E+13,1.44076E+13,1.49619E+13,1.54831E+13,1.59143E+13,1.62332E+13,1.62516E+13,1.58329E+13,1.62596E+13,1.6514E+13,1.6892E+13,1.72497E+13,1.76851E+13,1.8206E+13,1.85373E+13,1.89928E+13,1.95563E+13,2.00616E+13,1.96276E+13,2.08161E+13,2.13391E+13,2.19553E+13,2.25685E+13,..
United States,USA,GDP growth (annual %),,5.388033918,4.624186506,5.535206482,3.165988218,-0.256775731,2.537701268,-1.803013789,4.583790984,7.236453165,4.169575347,3.462655057,3.454629669,4.176982387,3.672237844,1.885965582,-0.108312882,3.522497173,2.751795867,4.02902273,2.684430732,3.772772691,4.447127936,4.483133354,4.788425047,4.077585757,0.955538348,1.700447326,2.795605963,3.847771696,3.483549936,2.784539637,2.003858298,0.11358725,-2.57650023,2.695192577,1.564406858,2.289113387,2.117830098,2.523819814,2.945550455,1.819451478,2.457622299,2.966505069,2.583825334,-2.16302914,6.055052932,2.51237532,2.887556007,2.793001277,..
United States,USA,Gross savings (% of GDP),,21.46457907,22.20819607,23.42848419,23.52214204,22.20286445,23.3667733,21.7901309,19.79541766,21.91104001,20.36566667,18.96102546,19.62135559,20.63486668,19.74936099,18.75926525,18.81418853,17.6880247,17.05100445,17.86170504,18.75893698,19.65112258,20.84765196,21.39049749,20.92609787,20.81334332,19.65727466,18.38085129,17.42872694,17.73316477,18.12245495,19.19974888,17.42794981,15.05881108,13.89305138,15.38325782,16.3373296,18.37929189,18.60463971,19.72101346,19.79472094,18.66769355,19.11037472,19.3465539,19.57416713,18.64338415,18.03293362,18.69276408,17.67162838,17.81087897,..
United States,USA,"Inflation, GDP deflator (annual %)",,5.503491891,6.213332728,7.033930651,8.296721993,9.033105387,9.462164086,6.178404151,3.916908787,3.607879307,3.162525256,2.013892532,2.477388463,3.527499871,3.920759473,3.743329103,3.381811329,2.278854357,2.370324831,2.135198417,2.09668849,1.830764554,1.724477098,1.123850063,1.415110881,2.265128815,2.251737322,1.554033271,1.974197631,2.689135388,3.135495559,3.083848857,2.709221366,1.92668919,0.616794208,1.215257038,2.06312857,1.86220422,1.475986503,1.635353052,0.76587974,0.851475885,1.685083824,2.383053723,1.506772517,0.678701829,4.384838076,7.129480854,3.598391355,2.482725095,..
United States,USA,"Unemployment, youth total (% of total labor force ages 15-24) (modeled ILO estimate)",,..,..,..,..,..,..,..,..,..,..,..,..,..,..,..,13.508,14.308,13.426,12.554,12.186,12.094,11.43,10.424,9.891,9.278,10.492,11.935,12.362,11.791,11.24,10.43,10.472,12.76,17.517,18.361,17.272,16.211,15.558,13.411,11.634,10.432,9.238,8.607,8.375,14.891,9.704,8.105,7.953,8.92,9.34
United States,USA,"Unemployment, male (% of male labor force) (national estimate)",,7.1,6.3,5.3,5.1,6.9,7.4,9.9,9.9,7.4,7,6.9,6.2,5.5,5.2,5.7,7.2,7.9,7.2,6.175,5.633,5.435,4.937,4.416,4.115,3.9,4.799,5.931,6.271,5.641,5.072,4.619,4.726,6.1,10.294,10.521,9.374,8.225,7.638,6.262,5.369,4.94,4.396,3.947,3.722,7.797,5.468,3.681,3.8,4.115,..
United States,USA,"Unemployment, female (% of female labor force) (national estimate)",,8.6,8.2,7.2,6.8,7.4,7.9,9.4,9.2,7.6,7.4,7.1,6.2,5.6,5.4,5.5,6.4,7,6.6,6.053,5.671,5.47,5.074,4.62,4.338,4.098,4.654,5.613,5.665,5.398,5.096,4.627,4.502,5.422,8.069,8.621,8.463,7.893,7.076,6.06,5.178,4.789,4.309,3.838,3.61,8.345,5.215,3.614,3.454,3.917,..
India,IND,Broad money (% of GDP),,28.03063742,29.48112123,32.97581324,35.39489208,34.466552,34.45679403,36.10517587,36.23599945,38.1562583,39.52833976,41.66114612,42.63416644,42.50398944,42.81633591,42.18377309,43.41785553,44.14442931,44.88345888,46.02146549,43.54530888,44.68943655,47.4599823,48.90130685,51.06492596,54.64512918,57.73906777,62.61952452,63.1792536,64.63570806,65.5481219,68.06302179,72.28042392,77.37295611,79.07519634,77.67995244,78.83731129,76.91318852,78.18217173,77.89935376,78.01191058,74.54926535,74.14418936,74.0978246,76.98188097,87.67667268,82.10203483,..,..,..,..
India,IND,"Inflation, consumer prices (annual %)",,-7.633947634,8.307470092,2.523048757,6.275683368,11.34607348,13.1125469,7.890742794,11.8680813,8.318907119,5.556424232,8.729720727,8.801125813,9.383471862,7.074280029,8.971232503,13.87024618,11.78781704,6.326890488,10.24793556,10.22488616,8.977152338,7.164252115,13.23083898,4.66982038,4.00943591,3.779293122,4.297152039,3.805858995,3.767251735,4.24634362,5.796523376,6.372881356,8.349267049,10.88235294,11.98938992,8.911793365,9.478996914,10.01787847,6.665656719,4.906973441,4.948216341,3.328173375,3.938826467,3.729505735,6.623436776,5.131407472,6.699034141,5.649143189,4.95303551,..
India,IND,"Unemployment, total (% of total labor force) (national estimate)",,..,..,..,..,..,..,..,..,..,..,..,..,..,..,..,..,..,..,2.147,..,..,..,..,..,2.731,..,..,..,..,3.804,..,..,..,..,3.115,..,3.222,..,..,..,..,..,7.652,6.51,7.859,6.38,4.822,4.172,4.173,..
India,IND,GDP (current US$),,1.02716E+11,1.21487E+11,1.37302E+11,1.52995E+11,1.86329E+11,1.93491E+11,2.00716E+11,2.18262E+11,2.12158E+11,2.32512E+11,2.48986E+11,2.79034E+11,2.9659E+11,2.96042E+11,3.20979E+11,2.70105E+11,2.88208E+11,2.79296E+11,3.27275E+11,3.60282E+11,3.92897E+11,4.15868E+11,4.21351E+11,4.58821E+11,4.68396E+11,4.8544E+11,5.14939E+11,6.07701E+11,7.09153E+11,8.20384E+11,9.4026E+11,1.21674E+12,1.1989E+12,1.34189E+12,1.67562E+12,1.82305E+12,1.82764E+12,1.85672E+12,2.03913E+12,2.10359E+12,2.2948E+12,2.65147E+12,2.70293E+12,2.83561E+12,2.67485E+12,3.16727E+12,3.34611E+12,3.63849E+12,3.90989E+12,..
India,IND,Population growth (annual %),,2.352627775,2.358940447,2.3027301,2.325480377,2.384825791,2.349732026,2.333969644,2.340694095,2.345933005,2.327054084,2.308264588,2.280800256,2.250539235,2.234673403,2.213130886,2.167776687,2.129985193,2.099860694,2.044354181,2.012966329,1.997759094,1.966425184,1.935963844,1.902029192,1.879398262,1.870608221,1.811294241,1.734382044,1.703570468,1.631421469,1.564125225,1.505991444,1.438771817,1.44601732,1.454603619,1.416827615,1.374056166,1.332704305,1.261290271,1.192855634,1.191629664,1.162396143,1.097299067,1.040013951,0.973438647,0.82264822,0.790200541,0.88328954,0.890706547,..
India,IND,"Population, female (% of total population)",,48.33276386,48.31483943,48.30381811,48.29255884,48.27803663,48.271979,48.27016362,48.26989956,48.27163275,48.27690953,48.28542281,48.29524225,48.30431947,48.31256655,48.31954505,48.32404916,48.32586349,48.3251933,48.32098535,48.31363528,48.30494201,48.29586621,48.28671353,48.27828791,48.27094476,48.2655331,48.26231192,48.26034987,48.25969563,48.26028883,48.26268994,48.26656801,48.2709042,48.27626272,48.28245914,48.28914672,48.29671922,48.30518438,48.31380789,48.3218316,48.32992014,48.33852292,48.34718094,48.35598203,48.36971827,48.38621891,48.39908248,48.41117105,48.42477306,..
India,IND,"Population, male (% of total population)",,51.66723614,51.68516057,51.69618189,51.70744116,51.72196337,51.728021,51.72983638,51.73010044,51.72836725,51.72309047,51.71457719,51.70475775,51.69568053,51.68743345,51.68045495,51.67595084,51.67413651,51.6748067,51.67901465,51.68636472,51.69505799,51.70413379,51.71328647,51.72171209,51.72905524,51.7344669,51.73768808,51.73965013,51.74030437,51.73971117,51.73731006,51.73343199,51.7290958,51.72373728,51.71754086,51.71085328,51.70328078,51.69481562,51.68619211,51.6781684,51.67007986,51.66147708,51.65281906,51.64401797,51.63028173,51.61378109,51.60091752,51.58882895,51.57522694,..
India,IND,"Population, total",,625861883,640801103,655728229,671155747,687354025,703696250,720313473,737372681,754875449,772647793,790689978,808931270,827342990,846039529,864972221,883927600,902957070,922118387,941163767,960301044,979678458,999133762,1018665080,1038225823,1057922733,1077898575,1097600380,1116803006,1135991513,1154676322,1172878890,1190676021,1207930964,1225524753,1243481564,1261224954,1278674502,1295829511,1312277191,1328024498,1343944296,1359657400,1374659064,1389030312,1402617695,1414203896,1425423212,1438069596,1450935791,..
India,IND,Expense (% of GDP),,10.62936619,10.5053165,11.2699439,12.31444775,11.70247812,11.37603387,11.95987282,12.0777927,13.14295968,14.37894512,15.33863824,15.76721892,15.5195025,15.97153364,15.48421708,15.33897953,15.11647596,15.14510813,14.60328653,14.24572561,14.08071054,14.5974823,14.40763023,14.80403806,15.4104026,15.54562552,16.05294821,15.57759372,15.133483,15.17398359,15.18947956,15.25786002,17.22767043,16.85189271,16.50513595,14.4898394,16.1667124,16.63868255,14.80313764,15.12569036,15.27195003,15.61410992,15.66313192,..,..,..,13.33351785,..,..,..
India,IND,Exports of goods and services (% of GDP),,6.686512862,6.383171814,6.314825235,6.749638157,6.139551132,5.936026627,5.983299849,5.837629424,6.283401393,5.254554996,5.19622166,5.604580884,6.035219755,7.016130278,7.053350234,8.494240771,8.842926925,9.834217455,9.888084916,10.84396804,10.38516927,10.69071732,11.01846918,11.45206461,12.99723631,12.55837963,14.26438392,14.94791386,17.85912496,19.60524669,21.26794142,20.79969975,24.09735726,20.40051937,22.40093325,24.54041132,24.53443066,25.4308613,22.96796301,19.81318916,19.15823491,18.79176484,19.9278286,18.6642649,18.68247693,21.39915833,23.2515412,21.44869778,21.16184605,..
India,IND,GDP (constant 2015 US$),,2.3626E+11,2.53401E+11,2.67876E+11,2.53844E+11,2.70943E+11,2.87216E+11,2.97199E+11,3.18862E+11,3.31044E+11,3.48438E+11,3.65082E+11,3.79559E+11,4.16102E+11,4.40849E+11,4.65243E+11,4.7016E+11,4.95936E+11,5.19496E+11,5.54089E+11,5.96059E+11,6.41058E+11,6.6702E+11,7.08271E+11,7.70923E+11,8.00534E+11,8.39152E+11,8.71073E+11,9.39543E+11,1.01398E+12,1.09432E+12,1.18253E+12,1.27313E+12,1.31242E+12,1.41561E+12,1.5359E+12,1.6164E+12,1.7046E+12,1.81345E+12,1.94783E+12,2.10359E+12,2.27727E+12,2.43202E+12,2.58897E+12,2.68921E+12,2.53383E+12,2.77935E+12,2.99084E+12,3.26572E+12,3.47782E+12,..
India,IND,GDP growth (annual %),,1.663103638,7.254764588,5.712532089,-5.238182704,6.735821529,6.006203626,3.47573324,7.288892903,3.820737856,5.254299223,4.776564168,3.965355635,9.627782916,5.947343332,5.533454561,1.056831435,5.48239602,4.750776218,6.65892407,7.574491838,7.549522249,4.04982085,6.184415822,8.845755559,3.840991157,4.823966266,3.803975321,7.860381476,7.922936612,7.923430621,8.060732572,7.660815067,3.086698059,7.861888833,8.497584702,5.241316199,5.456387552,6.386106401,7.410227605,7.996253786,8.256305502,6.795383419,6.453851345,3.871436941,-5.777724707,9.689592492,7.609364978,9.19075493,6.494765524,..
India,IND,Gross savings (% of GDP),,15.96560507,15.40498137,15.05823925,15.76895438,14.52572508,15.80787417,15.80598492,15.35474951,15.79556695,16.79831129,15.78850603,16.9825251,18.15680913,20.14443959,21.21356324,21.7599661,23.24680162,24.08307928,25.95100655,26.96739109,27.04793504,27.55043402,25.88950465,25.63753291,26.11902373,26.2598845,28.11147834,30.47095826,33.33255466,34.41801529,36.36053211,37.011389,36.25408263,35.61743481,36.30587504,35.13179309,35.26129232,34.30465749,33.46602575,32.45392411,31.72641474,31.70675317,31.41049223,29.70220058,28.67968211,29.86613306,29.81266105,30.93900607,30.26844733,..
India,IND,"Inflation, GDP deflator (annual %)",,5.981859341,5.637229338,2.46028232,15.72804321,11.50832081,10.82758198,8.095863101,8.552859602,7.923232848,7.193785445,6.789400454,9.327893306,8.232515369,8.436808869,10.66830385,13.75181894,8.965152362,9.861782855,9.980044769,9.062702224,7.575018289,6.476271259,8.010167525,3.068395523,3.64497016,3.215616017,3.715683778,3.867798085,5.725413228,5.621903263,8.400938217,6.944418252,9.193969626,7.040365436,10.52603086,8.733578906,7.934387478,6.186504001,3.331756917,2.279588108,3.237974951,3.969257934,3.884240272,2.405517161,4.814857919,8.354907715,5.897141859,2.591949545,3.082273992,..
India,IND,"Unemployment, youth total (% of total labor force ages 15-24) (modeled ILO estimate)",,..,..,..,..,..,..,..,..,..,..,..,..,..,..,..,20.182,20.257,20.35,20.265,20.202,20.118,20.185,20.224,20.19,20.198,20.422,20.761,20.855,20.988,21.117,21.472,21.863,22.417,22.862,23.299,23.641,24.135,24.473,24.709,24.959,25.23,25.591,26.003,22.947,24.666,20.824,17.732,15.595,15.746,16.022
India,IND,"Unemployment, male (% of male labor force) (national estimate)",,..,..,..,..,..,..,..,..,..,..,..,..,..,..,..,..,..,..,2.239,..,..,..,..,..,2.848,..,..,..,..,3.717,..,..,..,..,2.88,..,3.048,..,..,..,..,..,7.634,6.652,8.236,6.73,4.908,4.222,4.21,..
India,IND,"Unemployment, female (% of female labor force) (national estimate)",,..,..,..,..,..,..,..,..,..,..,..,..,..,..,..,..,..,..,1.885,..,..,..,..,..,2.402,..,..,..,..,4.002,..,..,..,..,3.788,..,3.738,..,..,..,..,..,7.715,6.072,6.763,5.402,4.588,4.063,4.091,..
Germany,DEU,Broad money (% of GDP),,..,..,..,..,..,..,..,..,..,..,..,..,..,..,..,..,..,..,..,..,..,..,..,..,..,..,..,..,..,..,..,..,..,..,..,..,..,..,..,..,..,..,..,..,..,..,..,..,..,..
Germany,DEU,"Inflation, consumer prices (annual %)",,4.246631023,3.734162406,2.718696961,4.043620065,5.441057545,6.344242777,5.241045072,3.293414743,2.405793399,2.066233012,-0.129413361,0.249906109,1.27411894,2.780569556,2.696468243,4.047032598,5.056977967,4.474576508,2.693056399,1.706160413,1.44972702,1.939371989,0.911183535,0.585433064,1.440268387,1.983857313,1.420806156,1.034222186,1.665736967,1.546911148,1.577426428,2.298344007,2.628379816,0.312739007,1.103810378,2.075172837,2.008488848,1.504723303,0.906794,0.514426137,0.491747008,1.509494851,1.732168798,1.445659769,0.144877926,3.066666667,6.872574386,5.946436677,2.256498143,..
Germany,DEU,"Unemployment, total (% of total labor force) (national estimate)",,..,..,..,..,..,..,..,6.449,6.673,6.875,6.608,6.813,6.319,5.705,4.89,5.316,6.323,7.675,8.727,8.158,8.822,9.861,9.787,8.854,7.917,7.773,8.482,9.779,10.727,11.193,10.277,8.732,7.508,7.88,7.043,5.967,5.372,5.316,4.979,4.612,4.104,3.781,3.384,3.163,3.881,3.594,3.137,3.071,3.372,..
Germany,DEU,GDP (current US$),,5.21659E+11,6.02698E+11,7.43183E+11,8.84574E+11,9.53772E+11,8.03405E+11,7.79422E+11,7.73508E+11,7.27768E+11,7.35219E+11,1.05009E+12,1.30293E+12,1.40637E+12,1.40409E+12,1.77816E+12,1.87579E+12,2.14138E+12,2.07895E+12,2.21528E+12,2.59305E+12,2.50658E+12,2.21879E+12,2.24776E+12,2.21387E+12,1.96698E+12,1.96638E+12,2.10235E+12,2.53472E+12,2.85232E+12,2.89339E+12,3.04631E+12,3.48406E+12,3.8082E+12,3.47855E+12,3.46709E+12,3.82358E+12,3.59648E+12,3.80702E+12,3.96487E+12,3.4251E+12,3.53679E+12,3.76535E+12,4.05543E+12,3.95989E+12,3.9414E+12,4.35525E+12,4.20102E+12,4.56221E+12,4.68559E+12,..
Germany,DEU,Population growth (annual %),,-0.428766875,-0.226376663,-0.087031415,0.044207406,0.207430406,0.152308489,-0.095113437,-0.262152572,-0.345666402,-0.223489902,0.045768064,0.153617575,0.39067896,0.773336991,0.861969449,0.728605547,0.760346947,0.657391218,0.346856649,0.293904444,0.289474899,0.146313282,0.015143651,0.064634578,0.1354316,0.168225361,0.168128319,0.055363304,-0.021709728,-0.056778262,-0.112797498,-0.133718573,-0.190142845,-0.25338341,-0.153198447,-1.853714629,0.187727801,0.272900215,0.416877359,0.865702644,0.807218539,0.37372456,0.300526702,0.225519874,0.081693159,0.042327057,-0.02195657,0.131511079,0.274957829,..
Germany,DEU,"Population, female (% of total population)",,52.57476583,52.57343172,52.54747789,52.48993572,52.39999553,52.33480403,52.31386206,52.29590653,52.27577627,52.2380277,52.16729013,52.04845298,51.92831582,51.82855356,51.72595625,51.62951422,51.5045574,51.4128379,51.38902441,51.36345464,51.33346154,51.38783472,51.38505749,51.31895335,51.32959284,51.32942556,51.32031752,51.33414804,51.34428321,51.37888006,51.3231945,51.22300471,51.21196164,51.24848147,51.27630669,51.23261589,51.12635277,51.01396282,50.93788617,50.77600817,50.65038766,50.63716242,50.62440486,50.62001202,50.62552622,50.63226577,50.63212433,50.6248191,50.61865125,..
Germany,DEU,"Population, male (% of total population)",,47.42523417,47.42656828,47.45252211,47.51006428,47.60000447,47.66519597,47.68613794,47.70409347,47.72422373,47.7619723,47.83270987,47.95154702,48.07168418,48.17144644,48.27404375,48.37048578,48.4954426,48.5871621,48.61097559,48.63654536,48.66653846,48.61216528,48.61494251,48.68104665,48.67040716,48.67057444,48.67968248,48.66585196,48.65571679,48.62111994,48.6768055,48.77699529,48.78803836,48.75151853,48.72369331,48.76738411,48.87364723,48.98603718,49.06211383,49.22399183,49.34961234,49.36283758,49.37559514,49.37998798,49.37447378,49.36773423,49.36787567,49.3751809,49.38134875,..
Germany,DEU,"Population, total",,78336950,78159814,78091820,78126350,78288576,78407907,78333366,78128282,77858685,77684873,77720436,77839920,78144619,78751283,79433029,80013896,80624598,81156363,81438348,81678051,81914831,82034771,82047195,82100243,82211508,82349925,82488495,82534176,82516260,82469422,82376451,82266372,82110097,81902307,81776930,80274983,80425823,80645605,80982500,81686611,82348669,82657002,82905782,83092962,83160871,83196078,83177813,83287273,83516593,..
Germany,DEU,Expense (% of GDP),,24.55190411,24.62702379,24.61640558,24.16399696,25.29188077,26.07530963,26.31568934,25.89789091,26.10112847,25.67152281,25.25284539,25.66291589,25.45250005,24.46768244,24.59557461,30.97216027,31.16334969,31.68971286,31.74666217,38.21819751,32.32997677,31.79495522,31.57854137,31.35198629,31.01077167,30.41748462,30.82397812,31.16359709,29.98617556,30.00417077,28.69749977,27.53207826,27.80529723,30.44555468,30.75671253,28.31417848,27.94450716,27.99698585,27.51604137,27.43650046,27.37485173,27.52267402,27.36449594,27.88043355,32.15059466,32.66852056,31.1748914,..,..,..
Germany,DEU,Exports of goods and services (% of GDP),,17.99619233,17.9048238,17.56304415,17.750139,18.54341093,20.05069719,20.78279838,20.20661401,21.63478329,22.84314787,21.19818707,20.59660396,21.00195884,22.20643588,22.74041178,23.56601177,22.08954962,19.8790217,20.60570614,21.48152827,22.28216908,24.70139997,25.66016091,26.02987618,29.68065325,30.56041138,31.19045049,31.26784511,33.93521264,35.95314979,38.96944992,40.63680563,40.94887382,35.45451629,39.49534654,41.64362866,42.68558344,41.68028383,41.69366755,42.58539762,41.63554195,42.2029576,42.49689141,42.34024448,39.11980688,42.51983793,45.62840434,42.96726242,41.43405937,..
Germany,DEU,GDP (constant 2015 US$),,1.67039E+12,1.7263E+12,1.77824E+12,1.85204E+12,1.87813E+12,1.88807E+12,1.88062E+12,1.91019E+12,1.96411E+12,2.00983E+12,2.05581E+12,2.08463E+12,2.16191E+12,2.24615E+12,2.36419E+12,2.48496E+12,2.535E+12,2.51033E+12,2.57552E+12,2.61428E+12,2.64141E+12,2.69039E+12,2.74677E+12,2.80527E+12,2.88596E+12,2.93318E+12,2.92649E+12,2.91098E+12,2.94481E+12,2.97089E+12,3.08576E+12,3.17491E+12,3.2031E+12,3.0255E+12,3.1506E+12,3.269E+12,3.28415E+12,3.29719E+12,3.36907E+12,3.4251E+12,3.50121E+12,3.59917E+12,3.64005E+12,3.67564E+12,3.52376E+12,3.66154E+12,3.72779E+12,3.69537E+12,3.67705E+12,..
Germany,DEU,GDP growth (annual %),,4.949258435,3.34721808,3.008492888,4.150363338,1.408828644,0.529240542,-0.394840736,1.572410142,2.822947836,2.327935201,2.287339259,1.402151588,3.70723568,3.896551706,5.255006101,5.108261502,2.013613409,-0.973033082,2.596855697,1.504993842,1.037875567,1.854322384,2.095612312,2.129570163,2.876523125,1.636141707,-0.228255716,-0.529801394,1.162086845,0.885485293,3.866682415,2.889117414,0.887902331,-5.544554519,4.134637785,3.757968845,0.463512037,0.396995584,2.180186022,1.663006023,2.222222163,2.797906721,1.135696046,0.977734697,-4.131914432,3.909999942,1.809258124,-0.869647579,-0.495851897,..
Germany,DEU,Gross savings (% of GDP),,20.91833904,20.62822192,21.52272028,20.97662771,19.76197165,18.399427,18.70849437,19.2737211,19.88907313,20.68160554,22.18195819,21.35174797,22.52089282,23.5216723,24.76364297,24.37042568,23.95756254,22.86324498,23.00875242,23.42399167,22.98597748,23.07079371,23.52386684,22.54980666,22.39619756,22.56424663,22.10152797,21.07284437,23.54144318,23.37559527,25.7235524,27.47272329,26.46361516,23.7954492,25.24688237,27.54990983,26.65620558,26.51208318,27.38938305,27.62473916,28.65479798,28.65663195,30.00753247,29.26512621,28.02079545,29.51324064,27.02610563,27.60398508,27.14190098,..
Germany,DEU,"Inflation, GDP deflator (annual %)",,3.306194459,3.100718194,3.545841819,4.278140607,5.451189434,4.175238758,4.581058612,2.807938532,1.989146293,2.124725736,2.999543135,1.279663573,1.690461303,2.879066715,3.396643515,3.085079757,5.310914077,3.784893662,1.943698872,1.835677815,0.464204193,0.145509781,0.692367198,0.5743984,-0.34311256,1.433388012,1.49925333,1.321651681,1.155340668,0.534527731,0.436413949,1.840534703,0.95475833,1.973002674,0.699760025,1.22973444,1.436336228,1.995698881,1.894704167,1.74443989,1.254244852,1.476614256,1.870859539,2.009291227,1.757452902,2.696778401,6.413159108,6.691123895,3.110277421,..
Germany,DEU,"Unemployment, youth total (% of total labor force ages 15-24) (modeled ILO estimate)",,..,..,..,..,..,..,..,..,..,..,..,..,..,..,..,5.512,5.972,7.672,8.96,8.464,9.63,10.666,9.79,8.883,8.545,7.787,9.285,11.024,12.984,15.463,13.402,11.824,10.929,11.309,10.416,8.927,8.119,7.825,7.612,7.328,7.079,6.77,6.22,5.859,7.862,6.665,6.049,6.02,6.604,6.862
Germany,DEU,"Unemployment, male (% of male labor force) (national estimate)",,..,..,..,..,..,..,..,5.754,5.657,5.826,5.54,6.089,5.275,4.538,4.038,4.423,4.911,6.461,7.542,7.053,8.239,9.306,9.289,8.559,7.64,7.768,8.696,10.181,11.251,11.398,10.279,8.698,7.329,8.211,7.423,6.191,5.496,5.598,5.282,4.963,4.434,4.181,3.799,3.542,4.223,3.987,3.368,3.258,3.586,..
Germany,DEU,"Unemployment, female (% of female labor force) (national estimate)",,..,..,..,..,..,..,..,7.534,8.243,8.469,8.23,7.918,7.902,7.47,6.119,6.524,8.225,9.32,10.316,9.628,9.592,10.589,10.436,9.235,8.27,7.78,8.214,9.282,10.078,10.941,10.273,8.772,7.723,7.488,6.594,5.708,5.226,4.99,4.631,4.206,3.723,3.316,2.903,2.725,3.488,3.14,2.872,2.858,3.129,..
Brazil,BRA,Broad money (% of GDP),,15.30022331,14.52078666,14.56909626,15.29884068,11.76865071,11.52991524,10.46821043,10.98583302,12.78522219,14.36891681,20.87996256,20.65932161,80.44763566,111.3253039,30.39451422,35.02960132,60.93240882,93.65884647,45.4613038,32.44854688,35.11848156,36.96512905,39.33173174,42.81105421,46.48658781,58.63617172,55.00498217,56.5263638,56.33206511,60.13304446,63.24977948,68.35919863,70.48945297,76.09041944,74.21938014,76.82527514,79.05286203,78.62652781,81.90656401,88.06962765,93.82113793,93.0595992,93.71303403,96.05785043,109.1542171,103.4656345,104.3022143,110.1845393,116.3945646,..
Brazil,BRA,"Inflation, consumer prices (annual %)",,..,..,..,..,..,101.725073,100.5433592,135.0276822,192.1217331,225.9896652,147.1428262,228.3361626,629.1145091,1430.723725,2947.732772,432.7866619,951.9620531,1927.38079,2075.888398,66.00703355,15.7576656,6.926712516,3.195076293,4.858447499,7.044141059,6.840359025,8.450164377,14.71491972,6.5971851,6.869537209,4.183568129,3.641272991,5.678593903,4.888034799,5.038726901,6.636449622,5.40349914,6.204310666,6.329040155,9.029901024,8.739143523,3.44637335,3.664850284,3.732976212,3.211768038,8.301659756,9.28010609,4.593562823,4.367464077,..
Brazil,BRA,"Unemployment, total (% of total labor force) (national estimate)",,1.92,2.32,2.36,2.76,..,3.99,4.83,4.62,4.04,3.38,2.37,3.56,3.79,4.145,4.703,..,7.086,6.03,..,7.092,8.035,9.003,10.15,11.125,..,10.649,10.641,11.168,10.072,10.551,9.692,9.28,8.268,9.419,..,7.578,7.251,7.071,6.755,8.538,11.58,12.792,12.329,11.936,13.697,13.158,9.231,7.947,6.801,..
Brazil,BRA,GDP (current US$),,1.53169E+11,1.76344E+11,2.00279E+11,2.21338E+11,2.37393E+11,2.58015E+11,2.71314E+11,1.89657E+11,1.8834E+11,2.1088E+11,2.56481E+11,2.83057E+11,3.07882E+11,4.12991E+11,3.90726E+11,3.42609E+11,3.28188E+11,3.68296E+11,5.2537E+11,7.69333E+11,8.50426E+11,8.83206E+11,8.63711E+11,5.99642E+11,6.55448E+11,5.59984E+11,5.09795E+11,5.58234E+11,6.69289E+11,8.91634E+11,1.10763E+12,1.39711E+12,1.69586E+12,1.667E+12,2.20884E+12,2.61616E+12,2.46523E+12,2.47282E+12,2.45604E+12,1.80221E+12,1.79569E+12,2.06351E+12,1.91693E+12,1.87329E+12,1.47611E+12,1.67065E+12,1.95192E+12,2.19113E+12,2.18582E+12,..
Brazil,BRA,Population growth (annual %),,2.381556163,2.386557498,2.386050633,2.376261954,2.359690661,2.328674854,2.27914449,2.233652838,2.186254785,2.130582513,2.060145718,1.98157141,1.910282056,1.843899716,1.786135751,1.715769565,1.667246818,1.619928558,1.563299735,1.539012552,1.514107592,1.486504265,1.487720981,1.456527672,1.375211283,1.303355032,1.241420626,1.180213955,1.12991417,1.095906125,1.058338425,1.012368206,0.957984636,0.895632239,0.840883225,0.813813884,0.811598483,0.810511648,0.806314178,0.791721774,0.76197267,0.72824666,0.683439571,0.651994346,0.57935071,0.425360907,0.360180891,0.395928696,0.405467028,..
Brazil,BRA,"Population, female (% of total population)",,50.10763805,50.1133986,50.11814696,50.12243622,50.12619231,50.12910607,50.13138737,50.13327329,50.13497892,50.13687465,50.13915068,50.14190077,50.14576292,50.15165494,50.16023423,50.17155596,50.18544149,50.20129204,50.21800144,50.23477004,50.25131492,50.26770374,50.28402961,50.30076839,50.31853809,50.33741233,50.3571737,50.37747334,50.39787323,50.41805184,50.4379812,50.45803812,50.47850051,50.4991104,50.519667,50.5403894,50.56115696,50.58145324,50.60124234,50.61996241,50.63937165,50.65949256,50.67882494,50.69749791,50.71213577,50.73427814,50.76282623,50.78492838,50.80385848,..
Brazil,BRA,"Population, male (% of total population)",,49.89236195,49.8866014,49.88185304,49.87756378,49.87380769,49.87089393,49.86861263,49.86672671,49.86502108,49.86312535,49.86084932,49.85809923,49.85423708,49.84834506,49.83976577,49.82844404,49.81455851,49.79870796,49.78199856,49.76522996,49.74868508,49.73229626,49.71597039,49.69923161,49.68146191,49.66258767,49.6428263,49.62252666,49.60212677,49.58194816,49.5620188,49.54196188,49.52149949,49.5008896,49.480333,49.4596106,49.43884304,49.41854676,49.39875766,49.38003759,49.36062835,49.34050744,49.32117506,49.30250209,49.28786423,49.26572186,49.23717377,49.21507162,49.19614152,..
Brazil,BRA,"Population, total",,110213349,112875292,115600942,118380821,121207461,124063109,126923155,129790077,132658864,135515595,138336370,141104944,143826357,146502972,149143223,151724256,154275079,156794577,159265006,161735073,164202549,166661659,169159655,171641543,174018282,176301203,178503484,180622688,182675143,184688101,186653106,188552320,190367302,192079951,193701929,195284734,196876111,198478299,200085127,201675532,203218114,204703445,206107261,207455459,208660842,209550294,210306415,211140729,211998573,..
Brazil,BRA,Expense (% of GDP),,..,..,..,..,..,..,..,..,..,..,..,..,..,..,..,..,..,..,..,..,..,..,..,..,..,..,..,..,..,..,..,..,..,..,28.05946823,28.66252168,28.17499931,28.15048642,29.28223601,33.94917881,33.40516814,32.36105101,32.23129789,31.13615579,34.91197483,29.49810432,31.64143585,32.43110049,..,..
Brazil,BRA,Exports of goods and services (% of GDP),,7.013163072,7.245261155,6.692986079,7.240780049,8.962394873,9.622840371,7.900484525,12.24375557,15.03541254,12.9485791,9.21727907,9.828482027,11.66735855,8.929609672,8.197236485,8.677636599,10.86831166,10.50327166,9.513076427,7.528875038,6.730209685,6.983649577,7.030500335,9.56489826,10.18804801,12.37171067,14.23059027,15.18078371,16.54576151,15.24382927,14.3743163,13.3276751,13.53400051,10.85137114,10.86558478,11.58251268,11.87753907,11.74223065,11.01194282,12.90019142,12.46667904,12.51896787,14.6349995,14.12291919,16.45355201,19.10943037,19.630765,17.9693243,17.93857944,..
Brazil,BRA,GDP (constant 2015 US$),,6.10961E+11,6.41107E+11,6.7297E+11,7.1846E+11,7.84558E+11,7.51214E+11,7.57449E+11,7.35256E+11,7.7496E+11,8.35794E+11,8.98395E+11,9.30108E+11,9.2955E+11,9.58924E+11,9.17211E+11,9.26678E+11,9.21637E+11,9.67024E+11,1.02362E+12,1.06686E+12,1.09042E+12,1.12744E+12,1.13125E+12,1.13655E+12,1.18642E+12,1.20291E+12,1.23964E+12,1.25378E+12,1.326E+12,1.36846E+12,1.42268E+12,1.50903E+12,1.5859E+12,1.58391E+12,1.70315E+12,1.77084E+12,1.80486E+12,1.85909E+12,1.86846E+12,1.80221E+12,1.74317E+12,1.76623E+12,1.79774E+12,1.81968E+12,1.76006E+12,1.84388E+12,1.89951E+12,1.96108E+12,2.02814E+12,..
Brazil,BRA,GDP growth (annual %),,10.25712953,4.93432807,4.969897689,6.759560122,9.2,-4.25,0.83,-2.93,5.4,7.85,7.49,3.53,-0.06,3.16,-4.35,1.032189585,-0.544072051,4.924690005,5.852870364,4.223793634,2.208864051,3.394845985,0.338097902,0.467937567,4.387949444,1.389896404,3.053461857,1.140828999,5.759964637,3.202132062,3.961988709,6.069870607,5.094195448,-0.125812003,7.528225818,3.974423079,1.921175985,3.00482267,0.50395574,-3.545763393,-3.275916906,1.322869054,1.783666761,1.220777823,-3.276758796,4.76260438,3.016694354,3.241655328,3.419315166,..
Brazil,BRA,Gross savings (% of GDP),,19.16298454,19.763868,19.5403653,18.32136235,17.68957929,19.03980402,15.87780747,14.275817,17.48867873,20.18363203,17.90151585,22.66060326,25.65368371,35.80855575,18.95279437,18.73288253,20.1983916,20.25435679,19.11504002,14.43936254,14.04132102,13.71115851,13.89045289,12.73690142,13.99170314,13.59459734,15.40587227,16.41794183,18.85501894,18.11409554,18.40981625,19.34636036,19.22684661,16.38036504,17.80239933,18.60126641,17.6781085,18.15169084,16.13440499,14.52934719,13.42175304,13.57776971,12.70741995,12.30640061,14.84008182,17.21702446,15.88750917,15.03950431,14.14115082,..
Brazil,BRA,"Inflation, GDP deflator (annual %)",,41.20362402,45.39805621,38.22761123,54.36596003,92.14194461,100.5288771,101.0343947,131.4840451,201.7402821,248.5436591,149.1793183,206.2087087,627.9514702,1304.424209,2736.970678,416.6780939,969.0129629,1996.150247,2240.168866,93.97804305,18.45624377,7.72902341,4.924361587,8.010500877,5.606065153,8.225094316,9.798112234,14.09102153,7.752060759,7.431224757,6.774274093,6.439038102,8.77855273,7.313482742,8.423338339,8.31859222,7.943126937,7.504564533,7.846709751,7.566175008,8.103604373,3.671384504,4.493534328,4.224258864,6.472499623,13.04727086,8.570281961,5.159501075,4.079674484,..
Brazil,BRA,"Unemployment, youth total (% of total labor force ages 15-24) (modeled ILO estimate)",,..,..,..,..,..,..,..,..,..,..,..,..,..,..,..,12.752,13.119,11.406,12.354,13.261,14.628,16.616,19.251,20.639,20.327,20.019,20.603,21.382,20.034,21.399,19.883,18.795,17.556,19.774,18.239,16.928,15.854,15.7,15.496,19.493,26.596,28.593,27.958,27.098,30.267,28.311,20.732,17.938,15.674,13.981
Brazil,BRA,"Unemployment, male (% of male labor force) (national estimate)",,1.93,2.12,2.15,2.75,..,3.9,4.7,4.62,3.9,3.17,2.22,3.34,3.54,3.474,4.212,..,5.859,5.16,..,5.855,6.349,7.026,7.855,8.757,..,8.437,8.415,8.89,7.629,7.945,7.339,6.835,6.008,6.918,..,5.446,5.795,5.674,5.603,7.218,10.061,11.191,10.72,10.051,11.784,10.656,7.463,6.597,5.588,..
Brazil,BRA,"Unemployment, female (% of female labor force) (national estimate)",,1.9,2.76,2.8,2.76,..,4.16,5.09,4.63,4.4,3.86,2.71,3.95,4.25,5.353,5.574,..,8.935,7.34,..,9.014,10.641,12.03,13.589,14.58,..,13.673,13.608,14.188,13.25,13.89,12.696,12.407,11.173,12.585,..,10.351,9.222,8.958,8.306,10.292,13.584,14.861,14.394,14.322,16.223,16.41,11.491,9.681,8.36,..
,,,,,,,,,,,,,,,,,,,,,,,,,,,,,,,,,,,,,,,,,,,,,,,,,,,,,
,,,,,,,,,,,,,,,,,,,,,,,,,,,,,,,,,,,,,,,,,,,,,,,,,,,,,
,,,,,,,,,,,,,,,,,,,,,,,,,,,,,,,,,,,,,,,,,,,,,,,,,,,,,
Data from database: World Development Indicators,,,,,,,,,,,,,,,,,,,,,,,,,,,,,,,,,,,,,,,,,,,,,,,,,,,,,
Last Updated: 02/24/2026,,,,,,,,,,,,,,,,,,,,,,,,,,,,,,,,,,,,,,,,,,,,,,,,,,,,,
